no,Accuracy,Precision,Recall,F1
0,0.9750351947442515,0.9796300632170452,0.9589731835892734,0.9691915682186704
1,0.9820504238773582,0.9852485576200833,0.9706613768949233,0.9778907481381122
2,0.9853118890294542,0.9874058154756398,0.9765445163713883,0.9819313746627708
3,0.988068810478975,0.9896644775787129,0.981061682407481,0.985330026924576
