no,Accuracy,Precision,Recall,F1
0,0.9860628812763961,0.9916015397177185,0.9742149896859958,0.9828313775362738
1,0.9899106935360347,0.992527165448108,0.9827521939833991,0.9876006466018814
2,0.9914905953152792,0.9933322865439494,0.9858274615859989,0.9895531147972143
3,0.9929374828326042,0.9940545223624451,0.9886542638112756,0.9913342713138575
