no,Accuracy,Precision,Recall,F1
0,0.9860159549507274,0.9914858875670632,0.9742149896859958,0.9827745664739884
1,0.9898403018453482,0.9924119077164515,0.9826948873931411,0.9875148720156071
2,0.9914280254129318,0.9933691256397187,0.9856364571313736,0.9894759192314851
3,0.9928318947460286,0.9940247828463717,0.9884250505849199,0.991204722547862
