no,Accuracy,Precision,Recall,F1
0,0.9842327545753168,0.9892698857009564,0.9720375888150355,0.9805780346820809
1,0.9879162740448971,0.9902096554941564,0.980173522201214,0.9851527189192327
2,0.9893319505677072,0.990414648947016,0.9834589468047822,0.9869108314338785
3,0.9909430710491085,0.991720411575375,0.9861042387568817,0.988892689989724
