no,Accuracy,Precision,Recall,F1
0,0.9860628812763961,0.9914868804664723,0.9743295897318359,0.9828333622333969
1,0.9899341577999607,0.9924135516122693,0.9829241071868349,0.9876309750251532
2,0.991537522375009,0.9934847536256709,0.9857892703271695,0.9896103606277012
3,0.9929140174675865,0.9942536706996477,0.988396394006122,0.9913050364763929
