no,Accuracy,Precision,Recall,F1
0,0.96353824495542,0.9663264108881849,0.9438459775383911,0.9549539103716157
1,0.970248168890024,0.9746011599362341,0.9521522151302271,0.9632458961167684
2,0.9744873605207699,0.9784932646657888,0.9587424730098832,0.9685131370937187
3,0.9784135048103062,0.9815930289697128,0.9653319263906502,0.9733818066682113
