no,Accuracy,Precision,Recall,F1
0,0.9725011731581417,0.9745802238805971,0.9578271831308732,0.966131083111779
1,0.9795163428322972,0.9815582916531285,0.9681399525969552,0.974799888655711
2,0.9827934699125999,0.9842113066728725,0.9735647663198893,0.9788530155236383
3,0.9859805498979629,0.9870672785344039,0.9785403369175674,0.9827772465833517
