no,Accuracy,Precision,Recall,F1
0,0.9723134678554669,0.9743470149253731,0.9575979830391932,0.9658998959657843
1,0.9794928829727378,0.9816134472287007,0.9680253525511152,0.9747692820075493
2,0.9827465457891145,0.9841345453219165,0.9735265663046094,0.9787953197799645
3,0.9859101604094599,0.9869808630408342,0.9784543803158496,0.9826908673450134
