no,Accuracy,Precision,Recall,F1
0,0.9723134678554669,0.9744576627011896,0.9574833829933532,0.9658959537572255
1,0.9793990259170338,0.9814963472741617,0.9679107459379374,0.9746530460030367
2,0.9827152586357575,0.9841700104202279,0.973411961880544,0.9787551204218555
3,0.9859453557042572,0.9870081048300963,0.9785116934734452,0.9827328157967472
