no,Accuracy,Precision,Recall,F1
0,0.9877991553261379,0.9912952646239555,0.9787989915195966,0.9850074962518741
1,0.9912246515755003,0.9927209710012925,0.9857891805735519,0.989235024648474
2,0.992663767404158,0.9934651639071964,0.9885779196030876,0.9910081209512803
3,0.9938877546910414,0.9942116376699508,0.990831720504608,0.9925115317214785
