no,Accuracy,Precision,Recall,F1
0,0.9996410624551328,1.0,0.9973190348525469,0.9986577181208054
1,0.9998205312275664,1.0,0.9986595174262735,0.9993288590604027
2,0.9998803541517111,1.0,0.9991063449508489,0.9995525727069351
3,0.9998205312275665,1.0,0.9986613095152757,0.9993297575087823
