no,Accuracy,Precision,Recall,F1
0,0.998205312275664,0.9972972972972973,0.9892761394101877,0.9932705248990579
1,0.9983847810480977,0.9986486486486487,0.9892904761222061,0.9939470904065182
2,0.9982053122756641,0.9973021539059275,0.9892856972181999,0.9932765548946682
