no,Accuracy,Precision,Recall,F1
0,1.0,1.0,1.0,1.0
1,0.9996410624551328,1.0,0.9973262032085561,0.9986595174262735
2,0.9997607083034219,1.0,0.9982174688057041,0.9991063449508489
3,0.9996410624551328,1.0,0.9973262032085561,0.9986595174262733
