no,Accuracy,Precision,Recall,F1
0,0.9996410624551328,0.9973262032085561,1.0,0.998661311914324
1,0.9996410624551328,0.9973297682709448,1.0,0.9986630992148389
2,0.9995214166068438,0.9964420677361855,1.0,0.9982174672127447
3,0.9996410624551328,0.9973315508021391,1.0,0.9986631004095585
