no,Accuracy,Precision,Recall,F1
0,0.998205312275664,0.9972972972972973,0.9892761394101877,0.9932705248990579
1,0.9987437185929648,0.9986486486486487,0.99196427291365,0.9952947798758024
2,0.9984446039722421,0.9973021539059275,0.9910682284124959,0.9941750145408575
3,0.998653984206748,0.9966468281954031,0.9933011713093719,0.9949645942389764
