no,Accuracy,Precision,Recall,F1
0,0.998205312275664,0.9972972972972973,0.9892761394101877,0.9932705248990579
1,0.9987437185929648,0.9986486486486487,0.99196427291365,0.9952947798758024
2,0.9985642498205313,0.9981981981981982,0.9910682284124959,0.9946200282168874
3,0.9988334529791816,0.9986486486486487,0.992632722111511,0.9956303491412466
