no,Accuracy,Precision,Recall,F1
0,0.9930214271672891,0.9880279348187563,0.9883566200931471,0.9881922501247298
1,0.9948397876941222,0.992674831152264,0.9898521869184538,0.9912590089074917
2,0.9951838018478473,0.9936672787391906,0.9900190006380288,0.9918377826783767
3,0.9958226852761941,0.9945004590543929,0.9913495250209509,0.9929208016216052
