no,Accuracy,Precision,Recall,F1
0,0.9569490859052486,0.9632034632034632,0.8882235528942116,0.9241952232606438
1,0.9687930017692157,0.9705397846990766,0.9221483821043437,0.9455234908159185
2,0.973887687569622,0.9743711559010793,0.936011984166258,0.9546158396350582
3,0.9782042461175545,0.9781750750212075,0.9471005022677883,0.962200595874739
