no,Accuracy,Precision,Recall,F1
0,0.9528209160605465,0.9579405366207396,0.8789088489687292,0.9167244968771686
1,0.9646156870454099,0.9670860106458847,0.9110018454494229,0.9380508063261943
2,0.97021820326322,0.9715749112255403,0.9260305050833809,0.9480891176417513
3,0.9748132494594063,0.9757241033245286,0.9377841100937337,0.9562043298476783
