no,Accuracy,Precision,Recall,F1
0,0.938470611362296,0.9280575539568345,0.8582834331337326,0.8918078119599032
1,0.9531649302142717,0.9450501710432896,0.8930352273821741,0.9182061251905225
2,0.9600288316624074,0.9516034055117236,0.9106151903993824,0.930520304973311
3,0.9653528602319639,0.9587554371088864,0.9219796956281558,0.9398882071666409
