no,Accuracy,Precision,Recall,F1
0,0.9932180066837035,0.9906448379552288,0.9863606121091151,0.9884980830138357
1,0.9952329467269511,0.9939859672569329,0.9898525190329269,0.991914930136461
2,0.9956752506388834,0.9945447545031761,0.9907954473748012,0.9926664807162169
3,0.996215844309023,0.9954077311528412,0.9917654707224487,0.993583193870496
