no,Accuracy,Precision,Recall,F1
0,0.9931197169254964,0.9919571045576407,0.9846972721224219,0.988313856427379
1,0.9947906428150186,0.994472023989567,0.9878561235820096,0.9911529228732356
2,0.9951838018478475,0.9948658918428163,0.9887991810795121,0.9918230313457611
3,0.995847257715746,0.9958150825397518,0.9901018816499003,0.9929499953238639
