Dataset,Feature,Accuracy,Precision,Recall,F1
thehamkercat_telegram-spam-ham,evaluation,0.8420876744643208,0.7215233345079449,0.7581104900570462,0.7393334183131153
FredZhang7_all-scam-spam,evaluation,0.873985794023314,0.8447825334646266,0.8483404757510901,0.8464452574434571
prithivMLmods_Spam-Text-Detect-Analysis,evaluation,0.9683058147882267,0.9096390220282338,0.8479218935929234,0.8776236550048292
