Dataset,Feature,Accuracy,Precision,Recall,F1
thehamkercat_telegram-spam-ham,majority,0.8553567918222921,0.846797168324229,0.6231581097372643,0.717930005707456
thehamkercat_telegram-spam-ham,wight,0.8515922940829566,0.7559685488508017,0.7349196670441702,0.7452662524574285
thehamkercat_telegram-spam-ham,meta,0.8614704147827796,0.8306629561390814,0.6671101501932353,0.7397007134589821
FredZhang7_all-scam-spam,majority,0.8834744415367549,0.9089370128367105,0.7950829264320245,0.8481765001716578
FredZhang7_all-scam-spam,wight,0.8868345274342391,0.8678710802649023,0.8537386317739628,0.8606798864976735
FredZhang7_all-scam-spam,meta,0.9009925070930676,0.9530938268996204,0.797467170863086,0.8683462283355338
prithivMLmods_Spam-Text-Detect-Analysis,majority,0.9662239770279971,0.9570886540584749,0.7831421771730871,0.8613250628419188
prithivMLmods_Spam-Text-Detect-Analysis,wight,0.9699210337401292,0.9230338056181306,0.846317615518057,0.8829639220942594
prithivMLmods_Spam-Text-Detect-Analysis,meta,0.9698492462311558,0.9346166454243077,0.8334661868647044,0.8811225316000509
